{
  "backbone_vision": {
    "sample_count": 34013120,
    "mean": -0.0009951046667993069,
    "std": 0.21422424912452698,
    "abs_mean": 0.02620987594127655,
    "min": -41.0,
    "max": 61.75
  },
  "backbone_language": {
    "sample_count": 22871680,
    "mean": 0.002504135947674513,
    "std": 0.0739259421825409,
    "abs_mean": 0.031330421566963196,
    "min": -2.96875,
    "max": 68.0
  },
  "backbone_projector": {
    "sample_count": 413312,
    "mean": 0.012215959839522839,
    "std": 0.11622229218482971,
    "abs_mean": 0.02404453419148922,
    "min": -0.09716796875,
    "max": 1.3359375
  },
  "other": {
    "sample_count": 1536,
    "mean": 0.0003816362004727125,
    "std": 0.02233332209289074,
    "abs_mean": 0.017773820087313652,
    "min": -0.07177734375,
    "max": 0.09228515625
  },
  "action_head_dit": {
    "sample_count": 46147840,
    "mean": -3.85441808248288e-06,
    "std": 0.02786688506603241,
    "abs_mean": 0.021063892170786858,
    "min": -1.0078125,
    "max": 1.21875
  },
  "action_head_state_encoder": {
    "sample_count": 481920,
    "mean": -0.0002287085953867063,
    "std": 0.022305142134428024,
    "abs_mean": 0.015345179475843906,
    "min": -0.67578125,
    "max": 0.74609375
  },
  "action_head_action_encoder": {
    "sample_count": 747456,
    "mean": 0.0002533180231694132,
    "std": 0.023214686661958694,
    "abs_mean": 0.01508809719234705,
    "min": -0.52734375,
    "max": 0.640625
  },
  "action_head_action_decoder": {
    "sample_count": 436864,
    "mean": -0.0004501793591771275,
    "std": 0.021521158516407013,
    "abs_mean": 0.015905825421214104,
    "min": -0.62109375,
    "max": 0.44140625
  },
  "action_head_vlln": {
    "sample_count": 4096,
    "mean": 0.4892004430294037,
    "std": 0.49211540818214417,
    "abs_mean": 0.49452799558639526,
    "min": -0.1337890625,
    "max": 1.59375
  },
  "action_head_position_embedding": {
    "sample_count": 200000,
    "mean": -7.314785034395754e-05,
    "std": 0.10579142719507217,
    "abs_mean": 0.033240560442209244,
    "min": -2.46875,
    "max": 2.640625
  }
}
